Workbook

Sheet Sheet1
B2: รายการซื้อของทำ Simulator CMP / CKP
B4: รายการ | C4: จำนวน | D4: ราคารวม (บาท)
B5: บอร์ดRP2040 | C5: 1 | D5: 80
B6: Rotary Encoder KY-040 | C6: 1 | D6: 18
B7: Switch | C7: 3 | D7: 5.4
B8: หัวสีแดง switch | C8: 3 | D8: 5.4
B9: OLED 1.3" I2C | C9: 1 | D9: 110
B10: สายไฟอ่อน AWG 20 | C10: 1 | D10: 100
B11: DC to DC Buck Converter | C11: 1 | D11: 120
B12: ตะกั่ว | C12: 1 | D12: 50
B13: อะแดปเตอร์12V2A | C13: 1 | D13: 90
B14: กล่องFetureBoxFB | C14: 1 | D14: 80
B15: สวิชต์ 12V VDC 3 ขา | C15: 1 | D15: 15
B16: ยอดรวมทั้งสิ้น | D16: =SUM(D5:D15) -> 673.8
B19: รายการซื้อของทำเฉพาะ Simulator CMP / CKP อันใหม่ | F19: รายการซื้อของ SUPPLY
B21: รายการ | C21: จำนวน | D21: ราคารวม (บาท) | F21: รายการ | G21: จำนวน | H21: ราคารวม (บาท)
B22: บอร์ดRP2040 | C22: 1 | D22: 75 | F22: โมดุลรีเลย์ 12VDC | G22: 1 | H22: 30
B23: จอ TFT 2.8 touch | C23: 1 | D23: 159 | F23: ไฟแลมป์สีแดง 12VDC | G23: 1 | H23: 20
B24: สายไฟอ่อน AWG 20 | C24: 1 | D24: 50 | F24: ไฟแลมป์สีเหลือง 12VDC | G24: 1 | H24: 20
B25: DC to DC Buck Converter | C25: 1 | D25: 20 | F25: อะแดปเตอร์12V2A | G25: 1 | H25: 44
B26: ตะกั่ว | C26: 1 | D26: 25 | F26: กล่องFetureBoxFB | G26: 1 | H26: 86
B27: บอร์ดขยายขา | C27: 1 | D27: 90 | F27: สวิชต์ 12V VDC 3 ขา | G27: 1 | H27: 11
B28: บอร์ดไข่ปลา 2 หน้า | C28: 1 | D28: 17 | F28: เคเบิ้ลแกลน | G28: 2 | H28: =58/10*2 -> 11.6
B29: ทรานซิเตอร์ 2N2222 | C29: 2 | D29: 6 | F29: ปากคีบจระเข้ใหญ่ | G29: 1 | H29: 10
B30: ตัวต้านทาน 470,1k,2.2k โอห์ม | C30: 5 | D30: =1.4*5 -> 7 | F30: ปากคีบจระเข้เล็ก | G30: 3 | H30: 27
B31: ยอดรวมทั้งสิ้น | D31: =SUM(D22:D30) -> 449 | F31: จอโวลต์-แอมมิเตอร์ | G31: 1 | H31: 39
F32: ยอดรวมทั้งสิ้น | H32: =SUM(H22:H31) -> 298.6
B34: ราคารวมSimulator+Supply(บาท) | C34: =SUM(D31,H32) -> 747.6

Sheet สมมติฐาน
A1: สมมติฐานต้นทุนและการตั้งราคาขาย
A3: สมมติฐานหลัก | B3: ค่า | C3: หน่วย | D3: แหล่งที่มา / หมายเหตุ
A4: เงินเดือนอ้างอิง | B4: 17000 | C4: บาท/เดือน | D4: ผู้ใช้ระบุ: เงินเดือน 17,000 บาท
A5: วันทำงานต่อเดือน | B5: 26 | C5: วัน/เดือน | D5: สมมติฐานสำหรับคำนวณ ปรับได้ตามจริง
A6: ชั่วโมงทำงานต่อวัน | B6: 8 | C6: ชั่วโมง/วัน | D6: สมมติฐานมาตรฐาน ปรับได้ตามจริง
A7: เวลาพัฒนาโปรเจกต์ (R&D) | B7: 5 | C7: วัน | D7: ผู้ใช้ระบุ: ใช้เวลาคิด/ทำโปรเจกต์ 5 วัน
A8: จำนวนชิ้นที่ใช้เฉลี่ยค่า R&D | B8: 10 | C8: ชิ้น | D8: แนะนำเริ่มต้น 10 ชิ้น เพื่อไม่บวกค่า R&D ซ้ำเต็มจำนวนทุกชิ้น
A9: เวลาประกอบ + ทดสอบต่อชิ้น | B9: 3 | C9: ชั่วโมง/ชิ้น | D9: สมมติฐาน: ประกอบ เดินสาย ทดสอบ และเก็บงาน
A10: ค่าเผื่อวัสดุสิ้นเปลือง/สูญเสีย | B10: 0.05 | C10: % ของค่าวัสดุ | D10: เช่น เศษสาย ตะกั่ว หดรัดสาย กาว ขั้วต่อ งานแก้ไข
A11: เงินสำรองรับประกัน/ของเสีย | B11: 0.05 | C11: % ของค่าวัสดุ | D11: เผื่อเคลม ซ่อม หรือเปลี่ยนชิ้นส่วน
A12: กำไรที่ต้องการ (Markup on cost) | B12: 0.75 | C12: % ของต้นทุน | D12: ผู้ใช้ระบุ: กำไร 75% ต่อต้นทุน
A13: ค่าธรรมเนียมช่องทางขาย/ชำระเงิน | B13: 0.03 | C13: % ของราคาขาย | D13: ตัวอย่าง 3%; ถ้าขายตรงให้เปลี่ยนเป็น 0%
A16: ค่าเสื่อมเครื่องมือ | B16: ราคาซื้อโดยประมาณ (บาท) | C16: อายุใช้งาน (ชิ้น) | D16: ค่าเสื่อม/ชิ้น (บาท)
A17: หัวแร้ง/สถานีบัดกรี | B17: 500 | C17: 100 | D17: =B17/C17 -> 5
A18: มัลติมิเตอร์ | B18: 500 | C18: 100 | D18: =B18/C18 -> 5
A19: คีมตัด/ปอกสาย | B19: 300 | C19: 100 | D19: =B19/C19 -> 3
A20: สว่าน/เครื่องมือเจาะกล่อง | B20: 700 | C20: 100 | D20: =B20/C20 -> 7
A21: เครื่องมือย่อยอื่น ๆ | B21: 500 | C21: 100 | D21: =B21/C21 -> 5
A22: รวมค่าเสื่อมเครื่องมือต่อชิ้น | D22: =SUM(D17:D21) -> 25
A25: ค่าใช้จ่ายอื่นต่อชิ้น | B25: ค่าใช้จ่าย (บาท) | C25: หมายเหตุ
A26: บรรจุภัณฑ์/กล่องส่งสินค้า | B26: 50 | C26: กล่อง กันกระแทก เทป
A27: สติ๊กเกอร์/ฉลาก/คู่มือ | B27: 20 | C27: ป้ายสินค้า คู่มือการต่อ/ใช้งาน
A28: ค่าไฟฟ้าระหว่างประกอบ/ทดสอบ | B28: 10 | C28: หัวแร้ง คอมพิวเตอร์ อุปกรณ์ทดสอบ
A29: ค่าเดินทาง/จัดซื้อเฉลี่ย | B29: 40 | C29: เฉลี่ยค่ารับของ/เดินทางซื้ออุปกรณ์
A30: งานธุรการ/ประสานงานหลังการขาย | B30: 30 | C30: คุยลูกค้า เตรียมเอกสาร ตอบคำถาม
A31: รวมค่าใช้จ่ายอื่นต่อชิ้น | B31: =SUM(B26:B30) -> 150
A34: การคำนวณค่าแรง | B34: ผลลัพธ์ | C34: หน่วย | D34: สูตร
A35: ค่าแรงต่อวัน | B35: =B4/B5 -> 653.84615 | C35: บาท/วัน | D35: เงินเดือน ÷ วันทำงาน
A36: ค่าแรง R&D 5 วันรวม | B36: =B35*B7 -> 3269.2308 | C36: บาท | D36: ค่าแรงต่อวัน × วันพัฒนา
A37: ค่าแรงต่อชั่วโมง | B37: =B4/(B5*B6) -> 81.730769 | C37: บาท/ชั่วโมง | D37: เงินเดือน ÷ (วันทำงาน × ชั่วโมง/วัน)
A38: ค่า R&D ต่อชิ้น (เฉลี่ย 10 ชิ้น) | B38: =B36/B8 -> 326.92308 | C38: บาท/ชิ้น | D38: ค่าแรง R&D รวม ÷ จำนวนชิ้นเฉลี่ย

Sheet คำนวณราคาขาย
A1: สรุปต้นทุนและราคาขาย Simulator CMP / CKP
A3: รายการต้นทุนต่อชิ้น | B3: จำนวนเงิน (บาท) | C3: สูตร/ที่มา | D3: หมายเหตุ
A4: ค่าวัสดุจาก BOM | B4: =Sheet1!D15 -> 15 | C4: อ้างอิง Sheet1!D15 | D4: ต้นทุนอุปกรณ์จริงตามไฟล์เดิม
A5: ค่าแรง R&D ต่อชิ้น | B5: =สมมติฐาน!B4/สมมติฐาน!B5*สมมติฐาน!B7/สมมติฐาน!B8 -> 326.92308 | C5: เงินเดือน ÷ วันทำงาน × 5 วัน ÷ จำนวนชิ้นเฉลี่ย | D5: เฉลี่ยค่าออกแบบ/เขียนโค้ด/ทดลอง
A6: ค่าแรงประกอบ + ทดสอบ | B6: =สมมติฐาน!B4/(สมมติฐาน!B5*สมมติฐาน!B6)*สมมติฐาน!B9 -> 245.19231 | C6: ค่าแรง/ชั่วโมง × ชั่วโมงประกอบ | D6: ประกอบ เดินสาย ทดสอบ เก็บงาน
A7: วัสดุสิ้นเปลือง/สูญเสีย | B7: =B4*สมมติฐาน!B10 -> 0.75 | C7: % × ค่าวัสดุ | D7: เศษสาย ตะกั่ว อุปกรณ์จุกจิก งานแก้ไข
A8: ค่าเสื่อมเครื่องมือต่อชิ้น | B8: =สมมติฐาน!D22 -> 25 | C8: รวมจากชีตสมมติฐาน | D8: หัวแร้ง มัลติมิเตอร์ คีม สว่าน ฯลฯ
A9: บรรจุภัณฑ์/กล่องส่ง | B9: =สมมติฐาน!B26 -> 50 | C9: จากชีตสมมติฐาน
A10: สติ๊กเกอร์/ฉลาก/คู่มือ | B10: =สมมติฐาน!B27 -> 20 | C10: จากชีตสมมติฐาน
A11: ค่าไฟฟ้า | B11: =สมมติฐาน!B28 -> 10 | C11: จากชีตสมมติฐาน
A12: ค่าเดินทาง/จัดซื้อเฉลี่ย | B12: =สมมติฐาน!B29 -> 40 | C12: จากชีตสมมติฐาน
A13: ธุรการ/หลังการขาย | B13: =สมมติฐาน!B30 -> 30 | C13: จากชีตสมมติฐาน
A14: เงินสำรองรับประกัน/ของเสีย | B14: =B4*สมมติฐาน!B11 -> 0.75 | C14: % × ค่าวัสดุ | D14: สำรองเผื่อเคลม/ซ่อม
A16: สรุปราคา | B16: จำนวนเงิน (บาท)
A17: ต้นทุนรวมต่อชิ้น | B17: =SUM(B4:B14) -> 763.61538
A18: กำไร 75% ของต้นทุน | B18: =B17*สมมติฐาน!B12 -> 572.71154
A19: ราคาขายตรง (ก่อนค่าธรรมเนียม) | B19: =B17+B18 -> 1336.3269
A20: ราคาขายหลังเผื่อค่าธรรมเนียมช่องทาง | B20: =B19/(1-สมมติฐาน!B13) -> 1377.6566
A21: ราคาขายแนะนำ (ปัดลงท้าย 90) | B21: =ROUNDUP(B20,-2)-10 -> 1390
A22: Gross margin ที่เกิดขึ้นจริง | B22: =(B19-B17)/B19 -> 0.42857143
A24: ความหมายของกำไร 75% | B24: สูตร | C24: ผลกระทบ | D24: หมายเหตุ
A25: Markup 75% ของต้นทุน (ใช้ในไฟล์นี้) | B25: ราคาขาย = ต้นทุน × 1.75 | C25: Gross margin ≈ 42.9% | D25: ตรงกับคำว่า 'กำไร 75% ต่อต้นทุน'
A26: Gross margin 75% ของราคาขาย | B26: ราคาขาย = ต้นทุน ÷ 0.25 | C26: ราคาจะสูงมาก ≈ 4 เท่าต้นทุน | D26: ใช้เฉพาะถ้าต้องการกำไรคิดจากราคาขายจริง ๆ
A29: จำนวนชิ้นที่เฉลี่ย R&D | B29: ค่า R&D/ชิ้น | C29: ต้นทุนรวม/ชิ้น | D29: ราคาขาย 75% Markup | E29: ราคาแนะนำ (ลงท้าย 90)
A30: 1 | B30: =สมมติฐาน!B4/สมมติฐาน!B5*สมมติฐาน!B7/A30 -> 3269.2308 | C30: =$B$17-$B$5+B30 -> 3705.9231 | D30: =C30*(1+สมมติฐาน!B12) -> 6485.3654 | E30: =ROUNDUP(D30,-2)-10 -> 6490
A31: 5 | B31: =สมมติฐาน!B4/สมมติฐาน!B5*สมมติฐาน!B7/A31 -> 653.84615 | C31: =$B$17-$B$5+B31 -> 1090.5385 | D31: =C31*(1+สมมติฐาน!B12) -> 1908.4423 | E31: =ROUNDUP(D31,-2)-10 -> 1990
A32: 10 | B32: =สมมติฐาน!B4/สมมติฐาน!B5*สมมติฐาน!B7/A32 -> 326.92308 | C32: =$B$17-$B$5+B32 -> 763.61538 | D32: =C32*(1+สมมติฐาน!B12) -> 1336.3269 | E32: =ROUNDUP(D32,-2)-10 -> 1390
A33: 20 | B33: =สมมติฐาน!B4/สมมติฐาน!B5*สมมติฐาน!B7/A33 -> 163.46154 | C33: =$B$17-$B$5+B33 -> 600.15385 | D33: =C33*(1+สมมติฐาน!B12) -> 1050.2692 | E33: =ROUNDUP(D33,-2)-10 -> 1090
A34: 50 | B34: =สมมติฐาน!B4/สมมติฐาน!B5*สมมติฐาน!B7/A34 -> 65.384615 | C34: =$B$17-$B$5+B34 -> 502.07692 | D34: =C34*(1+สมมติฐาน!B12) -> 878.63462 | E34: =ROUNDUP(D34,-2)-10 -> 890
A37: ข้อเสนอแนะการขาย
A38: ถ้าผลิตขายต่อเนื่อง แนะนำเฉลี่ยค่า R&D อย่างน้อย 10 ชิ้น ไม่ควรบวกค่าแรงพัฒนา 5 วันเต็มในทุกชิ้น เพราะเป็นต้นทุนพัฒนาครั้งแรก ส่วนงาน Custom/ทำชิ้นเดียวควรใช้แถว Scenario 1 ชิ้นเพื่อคืนค่า R&D เต็มจำนวน ราคาขนส่งถึงลูกค้าไม่ได้รวมไว้ในราคานี้ และควรคิดเพิ่มตามจริง
